sample-id	Barcode	Sample	day	Mesocosm	d_Alk	Treatment
515FY-926Rjed-P01-A01-T0K1	ACAACCAGTT	t0k1	2	k1	0	NA
515FY-926Rjed-P01-A02-T0K2	ACCTCATCTT	t0k2	2	k2	0	NA
515FY-926Rjed-P01-A03-T0K3	ACGATCGTAT	t0k3	2	k3	0	NA
515FY-926Rjed-P01-A04-T0K4	ATGTGCGTTT	t0k4	2	k4	0	NA
515FY-926Rjed-P01-A05-T0K5	ATCACCATGT	t0k5	2	k5	0	NA
515FY-926Rjed-P01-A06-T0K6	ATGCAACACT	t0k6	2	k6	0	NA
515FY-926Rjed-P01-B02-T1K2	NAACAGCTCAT	t1k2	8	k2	1250	D
515FY-926Rjed-P01-B04-T1K4	NAACGGAACAT	t1k4	8	k4	500	D
515FY-926Rjed-P01-B05-T1K5	NAGCTTCAGTT	t1k5	8	k5	1000	I
515FY-926Rjed-P01-B06-T1K6	NAGGTGTGTTT	t1k6	8	k6	0	D
515FY-926Rjed-P01-C01-T2k1	NNACAAGGTCTT	t2k1	16	k1	500	I
515FY-926Rjed-P01-C02-T2K2	NNACTGTTGACT	t2k2	16	k2	1250	D
515FY-926Rjed-P01-C03-T2K3	NNAAGAGCCTTT	t2k3	16	k3	750	I
515FY-926Rjed-P01-C04-T2K4	NNATATAGCCGT	t2k4	16	k4	500	D
515FY-926Rjed-P01-C05-T2K5	NNATGATACGCT	t2k5	16	k5	1000	I
515FY-926Rjed-P01-C06-T2K6	ATGGTAACGT	t2k6	16	k6	0	D
515FY-926Rjed-P01-D01-T3k1	NNNAAGTCTTCGT	t3k1	22	k1	500	I
515FY-926Rjed-P01-D02-T3K2	NNNAGAGTTGCTT	t3k2	22	k2	1250	D
515FY-926Rjed-P01-D03-T3K3	NNNAGCTGAATCT	t3k3	22	k3	750	I
515FY-926Rjed-P01-D04-T3K4	NNNAGTGAACTCT	t3k4	22	k4	500	D
515FY-926Rjed-P01-D05-T3K5	NNNATCGGTAGTT	t3k5	22	k5	1000	I
515FY-926Rjed-P01-D06-T3K6	NAGTCGATACT	t3k6	22	k6	0	D
515FY-926Rjed-P01-E01-T4k1	ACATGAGGTT	t4k1	30	k1	500	I
515FY-926Rjed-P01-E02-T4K2	ACCTTGACAT	t4k2	30	k2	1250	D
515FY-926Rjed-P01-E03-T4K3	ACTCACTGTT	t4k3	30	k3	750	I
515FY-926Rjed-P01-E04-T4K4	ATACGGACTT	t4k4	30	k4	500	D
515FY-926Rjed-P01-E05-T4K5	ATCGAACCTT	t4k5	30	k5	1000	I
515FY-926Rjed-P01-E06-T4K6	ATTCACCTGT	t4k6	30	k6	0	D
515FY-926Rjed-P01-F01-T5k1	NAAGCTCACTT	t5k1	36	k1	500	I
515FY-926Rjed-P01-F02-T5K2	NACAACTGTGT	t5k2	36	k2	1250	D
515FY-926Rjed-P01-F03-T5K3	NAGAGCAATGT	t5k3	36	k3	750	I
515FY-926Rjed-P01-F04-T5K4	NAGCTCCTTAT	t5k4	36	k4	500	D
515FY-926Rjed-P01-F05-T5K5	NAGGTACAACT	t5k5	36	k5	1000	I
515FY-926Rjed-P01-F06-T5K6	NAGTTGAGCAT	t5k6	36	k6	0	D
515FY-926Rjed-P01-G01-T1K1	NNACGATACGTT	t1k1	8	k1	500	I
515FY-926Rjed-P01-G02-T1K7	NNACTTAGCACT	t1k7	8	k7	250	I
515FY-926Rjed-P01-A08-T0K8	ACCTCATCTT	t0k8	2	k8	0	NA
515FY-926Rjed-P01-A09-T0K9	ACGATCGTAT	t0k9	2	k9	0	NA
515FY-926Rjed-P01-A10-T0K10	ATGTGCGTTT	t0k10	2	k10	0	NA
515FY-926Rjed-P01-A11-T0K11	ATCACCATGT	t0k11	2	k11	0	NA
515FY-926Rjed-P01-A12-T0K12	ATGCAACACT	t0k12	2	k12	0	NA
515FY-926Rjed-P01-B08-T1K8	NAACAGCTCAT	t1k8	8	k8	750	D
515FY-926Rjed-P01-B09-T1K9	NACCAATCAGT	t1k9	8	k9	0	I
515FY-926Rjed-P01-B10-T1K10	NAACGGAACAT	t1k10	8	k10	250	D
515FY-926Rjed-P01-B11-T1K11	NAGCTTCAGTT	t1k11	8	k11	1250	I
515FY-926Rjed-P01-B12-T1K12	NAGGTGTGTTT	t1k12	8	k12	1000	D
515FY-926Rjed-P01-C07-T2K7	ACTCACTGTT	t2k7	16	k7	250	I
515FY-926Rjed-P01-C08-T2K8	NNACTGTTGACT	t2k8	16	k8	750	D
515FY-926Rjed-P01-C09-T2K9	NNAAGAGCCTTT	t2k9	16	k9	0	I
515FY-926Rjed-P01-C10-T2K10	NNATATAGCCGT	t2k10	16	k10	250	D
515FY-926Rjed-P01-C11-T2K11	NNATGATACGCT	t2k11	16	k11	1250	I
515FY-926Rjed-P01-D07-T3K7	NAGAGCAATGT	t3k7	22	k7	250	I
515FY-926Rjed-P01-D08-T3K8	NNNAGAGTTGCTT	t3k8	22	k8	750	D
515FY-926Rjed-P01-D09-T3K9	NNNAGCTGAATCT	t3k9	22	k9	0	I
515FY-926Rjed-P01-D10-T3K10	NNNAGTGAACTCT	t3k10	22	k10	250	D
515FY-926Rjed-P01-D11-T3K11	NNNATCGGTAGTT	t3k11	22	k11	1250	I
515FY-926Rjed-P01-D12-T3K12	NAGTCGATACT	t3k12	22	k12	1000	D
515FY-926Rjed-P01-E08-T4K8	ACCTTGACAT	t4k8	30	k8	750	D
515FY-926Rjed-P01-E10-T4K10	ATACGGACTT	t4k10	30	k10	250	D
515FY-926Rjed-P01-E11-T4K11	ATCGAACCTT	t4k11	30	k11	1250	I
515FY-926Rjed-P01-E12-T4K12	ATTCACCTGT	t4k12	30	k12	1000	D
515FY-926Rjed-P01-F08-T5K8	NACAACTGTGT	t5k8	36	k8	750	D
515FY-926Rjed-P01-F10-T5K10	NAGCTCCTTAT	t5k10	36	k10	250	D
515FY-926Rjed-P01-F11-T5K11	NAGGTACAACT	t5k11	36	k11	1250	I
515FY-926Rjed-P01-F12-T5K12	NAGTTGAGCAT	t5k12	36	k12	1000	D
